{"slow_times": [0.00026297569274902344, 0.0056531429290771484, 0.495342493057251, 58.14910864830017, 309.26213669776917, 2543.4674928188324, 10028.442736387253], "rectinter_times": [10.84470796585083, 0.21217989921569824, 2.0496108531951904, 22.030283212661743, 39.370365381240845, 128.25418782234192, 215.1912624835968], "number_of_rectangles": [10, 100, 1000, 10000, 20000, 50000, 100000]}
